product_id,product_name,category_id,launch_date,price
1,Product_1,304,2017-08-29,154.73
2,Product_2,177,2021-07-31,1006.23
3,Product_3,286,2015-11-28,150.05
4,Product_4,273,2021-09-08,3680.94
5,Product_5,54,2018-11-12,95.01
6,Product_6,436,2024-07-01,1175.32
7,Product_7,172,2020-02-22,3025.01
8,Product_8,341,2024-03-27,3792.46
9,Product_9,108,2017-02-14,1391.41
10,Product_10,487,2018-05-27,3019.53
11,Product_11,423,2024-07-05,3981.08
12,Product_12,410,2022-07-21,2013.92
13,Product_13,116,2019-09-21,4967.88
14,Product_14,125,2022-06-08,139.64
15,Product_15,105,2020-06-09,112.63
16,Product_16,366,2015-12-25,257.47
17,Product_17,47,2016-12-12,4682.69
18,Product_18,278,2016-12-10,3737.76
19,Product_19,37,2016-08-15,2308.3
20,Product_20,262,2022-02-08,3839.99
21,Product_21,209,2019-11-26,2566.79
22,Product_22,266,2019-08-08,1105.83
23,Product_23,102,2018-06-08,435.68
24,Product_24,446,2021-04-04,3344.44
25,Product_25,81,2022-11-16,2412.0
26,Product_26,93,2018-07-17,1909.13
27,Product_27,177,2020-12-12,535.28
28,Product_28,128,2023-04-04,201.35
29,Product_29,449,2016-01-16,4874.92
30,Product_30,190,2021-03-08,490.07
31,Product_31,70,2019-02-08,2156.14
32,Product_32,253,2024-12-10,1144.47
33,Product_33,291,2019-10-10,3808.1
34,Product_34,101,2018-11-13,2955.82
35,Product_35,272,2020-10-27,3859.53
36,Product_36,488,2018-09-09,2871.47
37,Product_37,71,2021-04-17,3521.24
38,Product_38,284,2020-05-15,2040.14
39,Product_39,255,2018-05-11,1680.64
40,Product_40,347,2015-12-12,4191.84
41,Product_41,214,2024-11-23,3795.48
42,Product_42,95,2020-03-21,2811.88
43,Product_43,210,2016-03-03,4464.34
44,Product_44,29,2023-04-29,611.28
45,Product_45,264,2021-09-22,2528.96
46,Product_46,269,2017-12-22,1155.91
47,Product_47,239,2018-09-16,4414.41
48,Product_48,213,2023-10-08,4767.93
49,Product_49,447,2020-10-20,2259.45
50,Product_50,319,2021-11-13,357.35
51,Product_51,218,2016-09-27,2047.1
52,Product_52,292,2023-08-31,537.72
53,Product_53,329,2021-07-24,4549.64
54,Product_54,288,2023-07-01,778.97
55,Product_55,194,2022-07-04,3799.52
56,Product_56,391,2020-08-20,4403.93
57,Product_57,220,2023-09-30,3209.98
58,Product_58,97,2021-10-29,822.73
59,Product_59,492,2024-10-27,4430.2
60,Product_60,127,2019-12-18,3745.5
61,Product_61,359,2017-07-20,4219.53
62,Product_62,144,2023-08-31,1043.61
63,Product_63,246,2018-01-13,1264.51
64,Product_64,269,2019-05-23,3284.39
65,Product_65,222,2023-07-19,4689.99
66,Product_66,167,2021-08-17,3015.76
67,Product_67,90,2021-11-28,3039.19
68,Product_68,461,2015-05-30,4708.56
69,Product_69,135,2015-09-01,490.66
70,Product_70,337,2019-09-03,2840.4
71,Product_71,1,2015-11-23,1459.51
72,Product_72,309,2016-11-07,4536.67
73,Product_73,54,2015-04-04,2167.9
74,Product_74,443,2022-06-25,4024.65
75,Product_75,157,2020-04-28,4249.68
76,Product_76,287,2018-07-01,3603.72
77,Product_77,337,2019-06-24,4876.39
78,Product_78,116,2020-06-15,2809.19
79,Product_79,358,2016-07-30,3627.07
80,Product_80,167,2017-01-28,1817.63
81,Product_81,141,2023-10-12,444.18
82,Product_82,15,2022-08-02,1033.35
83,Product_83,162,2023-04-25,4833.76
84,Product_84,452,2020-06-29,4604.78
85,Product_85,217,2020-10-10,2234.7
86,Product_86,452,2020-03-24,3653.76
87,Product_87,376,2020-09-28,649.53
88,Product_88,317,2021-03-06,3117.21
89,Product_89,193,2020-07-27,3122.62
90,Product_90,245,2017-10-31,3760.92
91,Product_91,140,2015-05-24,4524.31
92,Product_92,122,2018-05-29,4240.92
93,Product_93,421,2017-06-21,1044.0
94,Product_94,23,2020-10-31,4870.99
95,Product_95,191,2020-06-04,4468.74
96,Product_96,400,2023-04-28,2107.07
97,Product_97,95,2016-10-15,2941.24
98,Product_98,9,2017-02-19,2639.55
99,Product_99,85,2024-09-03,2365.12
100,Product_100,405,2023-04-15,4353.45
101,Product_101,484,2017-06-15,2944.96
102,Product_102,474,2022-12-08,3034.05
103,Product_103,324,2019-08-26,1718.94
104,Product_104,165,2019-01-26,3947.69
105,Product_105,468,2022-09-20,474.56
106,Product_106,296,2020-11-24,3195.96
107,Product_107,180,2018-02-23,3799.08
108,Product_108,407,2018-05-13,1389.96
109,Product_109,400,2020-11-13,4828.58
110,Product_110,23,2016-12-15,4835.51
111,Product_111,174,2017-01-30,4761.81
112,Product_112,5,2017-12-24,1287.53
113,Product_113,330,2022-08-19,2759.06
114,Product_114,97,2023-11-08,3307.65
115,Product_115,496,2024-12-31,3988.8
116,Product_116,90,2016-09-06,2699.7
117,Product_117,449,2024-05-05,4740.9
118,Product_118,240,2017-09-15,3479.36
119,Product_119,39,2019-09-10,896.86
120,Product_120,218,2020-08-01,981.62
121,Product_121,68,2020-01-02,4134.17
122,Product_122,45,2015-05-16,2193.89
123,Product_123,32,2015-01-12,3055.34
124,Product_124,14,2016-09-19,2755.77
125,Product_125,367,2021-02-14,4399.27
126,Product_126,301,2020-06-05,1240.03
127,Product_127,161,2020-03-03,1876.3
128,Product_128,307,2020-03-09,4501.25
129,Product_129,186,2022-02-23,2873.93
130,Product_130,401,2020-02-10,3147.36
131,Product_131,50,2024-10-06,2217.98
132,Product_132,66,2016-12-16,867.24
133,Product_133,2,2024-01-23,1574.98
134,Product_134,201,2022-07-18,968.76
135,Product_135,109,2022-03-21,3695.94
136,Product_136,136,2022-08-10,2757.18
137,Product_137,207,2020-06-16,4319.69
138,Product_138,479,2017-12-02,4065.89
139,Product_139,364,2020-11-24,3603.19
140,Product_140,7,2019-11-07,260.33
141,Product_141,144,2019-06-10,4523.51
142,Product_142,411,2020-02-12,976.02
143,Product_143,432,2018-11-30,4730.54
144,Product_144,305,2022-03-25,832.51
145,Product_145,471,2023-03-24,4497.59
146,Product_146,103,2020-05-24,1954.98
147,Product_147,248,2019-07-14,1804.9
148,Product_148,136,2017-03-14,4724.71
149,Product_149,72,2023-05-28,2459.14
150,Product_150,490,2021-12-14,4769.64
151,Product_151,388,2018-03-09,3376.04
152,Product_152,340,2018-01-22,2885.63
153,Product_153,191,2018-10-29,4580.03
154,Product_154,16,2022-04-19,2166.74
155,Product_155,484,2022-12-29,882.67
156,Product_156,320,2024-03-29,2848.54
157,Product_157,371,2020-02-16,4881.77
158,Product_158,321,2015-03-18,1889.49
159,Product_159,495,2019-04-04,935.47
160,Product_160,262,2017-07-27,926.53
161,Product_161,162,2023-08-12,4451.35
162,Product_162,364,2019-07-21,1293.52
163,Product_163,424,2024-01-01,683.19
164,Product_164,201,2016-05-11,245.41
165,Product_165,258,2018-07-01,4477.43
166,Product_166,80,2018-04-20,3650.73
167,Product_167,69,2020-11-21,2408.0
168,Product_168,99,2021-10-14,3359.37
169,Product_169,196,2015-02-01,1563.18
170,Product_170,162,2016-12-17,4602.57
171,Product_171,256,2021-05-21,887.74
172,Product_172,154,2017-07-26,3034.42
173,Product_173,28,2016-09-19,714.73
174,Product_174,35,2024-07-30,4261.09
175,Product_175,407,2020-02-06,884.74
176,Product_176,427,2024-06-18,4235.96
177,Product_177,32,2017-11-21,4168.34
178,Product_178,489,2020-08-01,3143.14
179,Product_179,38,2020-07-19,1613.69
180,Product_180,395,2016-06-04,2597.29
181,Product_181,60,2023-04-29,3292.89
182,Product_182,393,2019-11-13,854.45
183,Product_183,161,2017-12-21,4937.58
184,Product_184,46,2024-08-09,4198.64
185,Product_185,412,2020-12-29,4977.98
186,Product_186,268,2020-12-10,3426.82
187,Product_187,60,2021-04-05,3218.65
188,Product_188,463,2019-10-13,295.98
189,Product_189,382,2021-05-10,4296.97
190,Product_190,126,2020-07-01,399.7
191,Product_191,282,2016-02-05,4615.84
192,Product_192,372,2016-10-15,2875.41
193,Product_193,438,2018-05-20,3359.41
194,Product_194,472,2017-04-14,1061.01
195,Product_195,339,2019-01-06,1745.2
196,Product_196,237,2019-07-29,516.63
197,Product_197,402,2020-06-26,2784.94
198,Product_198,300,2016-09-07,4610.03
199,Product_199,496,2017-10-27,2329.36
200,Product_200,54,2023-02-06,3958.74
201,Product_201,441,2016-07-06,555.95
202,Product_202,390,2018-02-24,749.54
203,Product_203,306,2021-01-23,2078.79
204,Product_204,118,2020-01-29,2730.97
205,Product_205,410,2021-05-07,3875.81
206,Product_206,42,2016-08-13,583.82
207,Product_207,326,2020-04-17,1637.11
208,Product_208,90,2021-12-13,4215.24
209,Product_209,221,2022-08-03,2719.27
210,Product_210,117,2016-12-02,3752.26
211,Product_211,463,2015-07-28,941.52
212,Product_212,11,2021-12-25,1886.19
213,Product_213,445,2021-12-10,1200.63
214,Product_214,146,2022-04-16,2837.76
215,Product_215,18,2023-12-14,3262.74
216,Product_216,87,2017-09-26,1671.17
217,Product_217,131,2024-05-16,4501.49
218,Product_218,361,2015-03-03,267.03
219,Product_219,413,2018-07-20,1063.54
220,Product_220,344,2019-05-03,1019.67
221,Product_221,184,2024-12-14,618.83
222,Product_222,149,2018-01-19,3510.48
223,Product_223,40,2018-06-12,1011.37
224,Product_224,5,2023-08-29,1966.89
225,Product_225,313,2015-12-25,1804.74
226,Product_226,311,2017-07-10,3038.99
227,Product_227,29,2016-03-27,3844.6
228,Product_228,273,2018-10-17,2565.86
229,Product_229,139,2017-08-17,3221.84
230,Product_230,139,2017-03-19,1506.75
231,Product_231,344,2020-04-04,4822.94
232,Product_232,23,2020-02-11,4710.04
233,Product_233,360,2017-06-05,950.48
234,Product_234,107,2019-10-14,2044.01
235,Product_235,445,2024-04-16,1400.18
236,Product_236,251,2023-04-06,4451.48
237,Product_237,417,2021-06-05,4270.06
238,Product_238,15,2018-07-14,4737.54
239,Product_239,168,2015-02-26,1585.99
240,Product_240,402,2023-07-31,1492.13
241,Product_241,417,2018-09-04,1084.78
242,Product_242,430,2018-11-26,1027.26
243,Product_243,155,2021-02-03,1765.16
244,Product_244,436,2015-11-25,552.21
245,Product_245,256,2016-09-24,1430.58
246,Product_246,436,2021-08-02,1788.32
247,Product_247,309,2015-02-24,2010.38
248,Product_248,421,2015-08-30,459.39
249,Product_249,363,2015-10-03,4070.95
250,Product_250,270,2022-09-15,3102.1
251,Product_251,195,2019-11-03,2567.72
252,Product_252,205,2019-06-11,1534.92
253,Product_253,135,2015-04-05,3549.45
254,Product_254,453,2016-01-14,2829.56
255,Product_255,368,2019-11-04,4785.91
256,Product_256,13,2016-03-21,2664.66
257,Product_257,224,2022-04-01,2786.03
258,Product_258,360,2016-01-15,1118.26
259,Product_259,174,2020-05-21,219.89
260,Product_260,467,2017-08-15,4421.86
261,Product_261,338,2022-04-21,4262.84
262,Product_262,237,2017-07-16,4273.39
263,Product_263,182,2021-12-01,3413.2
264,Product_264,361,2022-06-01,3980.35
265,Product_265,131,2015-06-20,920.18
266,Product_266,284,2015-07-20,1628.85
267,Product_267,282,2020-05-13,240.08
268,Product_268,408,2015-10-30,2355.92
269,Product_269,41,2015-11-11,2637.82
270,Product_270,378,2024-02-28,631.47
271,Product_271,331,2015-07-08,1773.26
272,Product_272,88,2021-03-18,1225.81
273,Product_273,480,2018-05-07,4902.49
274,Product_274,353,2022-09-12,4676.05
275,Product_275,436,2017-10-10,4088.52
276,Product_276,14,2020-09-06,1284.79
277,Product_277,358,2020-11-02,1268.57
278,Product_278,95,2021-11-14,1969.56
279,Product_279,56,2018-02-07,3206.76
280,Product_280,222,2022-12-23,1591.69
281,Product_281,188,2024-08-03,1232.45
282,Product_282,290,2022-12-30,4034.1
283,Product_283,127,2023-12-22,3278.66
284,Product_284,424,2022-05-08,1913.54
285,Product_285,90,2022-08-05,3690.82
286,Product_286,64,2015-10-12,2621.94
287,Product_287,390,2021-10-04,4520.19
288,Product_288,434,2018-09-03,3762.23
289,Product_289,209,2016-12-04,2590.73
290,Product_290,361,2018-03-30,2756.41
291,Product_291,279,2020-09-05,2994.38
292,Product_292,494,2022-05-18,2256.32
293,Product_293,277,2018-11-05,4501.49
294,Product_294,402,2018-11-06,3876.59
295,Product_295,131,2022-08-21,3793.18
296,Product_296,370,2015-02-02,3433.03
297,Product_297,483,2018-02-04,4008.11
298,Product_298,210,2019-04-07,327.65
299,Product_299,424,2024-10-10,1786.03
300,Product_300,16,2017-08-03,1252.05
301,Product_301,114,2022-04-30,974.41
302,Product_302,414,2016-02-11,2256.32
303,Product_303,494,2021-05-04,4685.11
304,Product_304,331,2017-03-08,4671.8
305,Product_305,34,2021-07-16,3606.42
306,Product_306,192,2017-03-28,3675.31
307,Product_307,216,2017-01-07,4677.35
308,Product_308,339,2022-10-21,1874.41
309,Product_309,289,2019-03-27,3034.55
310,Product_310,377,2019-03-29,1926.87
311,Product_311,263,2015-05-28,3717.5
312,Product_312,122,2017-04-19,2050.05
313,Product_313,312,2015-03-20,4119.62
314,Product_314,141,2022-12-15,1453.1
315,Product_315,336,2018-07-03,523.86
316,Product_316,53,2024-10-12,619.85
317,Product_317,121,2022-06-07,4080.98
318,Product_318,244,2015-01-30,1907.11
319,Product_319,191,2015-01-03,1414.4
320,Product_320,82,2018-01-20,3487.53
321,Product_321,161,2021-04-04,3935.93
322,Product_322,227,2018-07-26,723.3
323,Product_323,465,2016-10-30,4927.74
324,Product_324,279,2019-09-19,4957.7
325,Product_325,170,2020-04-16,1690.58
326,Product_326,66,2022-12-11,4643.41
327,Product_327,7,2018-06-06,711.6
328,Product_328,377,2016-03-29,751.88
329,Product_329,155,2015-04-05,2987.82
330,Product_330,406,2017-11-16,3244.23
331,Product_331,172,2024-12-19,469.7
332,Product_332,192,2020-12-07,1783.31
333,Product_333,396,2017-07-03,3701.81
334,Product_334,483,2017-10-13,3481.78
335,Product_335,332,2017-03-28,1982.62
336,Product_336,181,2016-01-21,1153.28
337,Product_337,218,2023-08-03,4569.57
338,Product_338,422,2016-07-15,58.73
339,Product_339,92,2020-04-26,454.63
340,Product_340,166,2018-07-28,394.36
341,Product_341,369,2021-09-06,1561.99
342,Product_342,289,2020-10-02,502.59
343,Product_343,333,2023-02-27,140.91
344,Product_344,97,2024-12-26,4113.61
345,Product_345,237,2017-03-27,3859.03
346,Product_346,213,2017-05-09,1775.18
347,Product_347,200,2024-01-13,165.17
348,Product_348,498,2021-01-08,2018.46
349,Product_349,307,2020-11-04,1050.18
350,Product_350,40,2018-10-20,3819.05
351,Product_351,450,2022-10-07,2907.61
352,Product_352,244,2024-04-29,2977.48
353,Product_353,123,2023-07-16,2637.59
354,Product_354,291,2015-05-02,917.01
355,Product_355,340,2022-04-09,3459.75
356,Product_356,410,2016-06-10,2855.5
357,Product_357,173,2016-03-08,3847.8
358,Product_358,32,2016-01-14,1064.92
359,Product_359,145,2015-10-03,2311.38
360,Product_360,24,2022-05-21,373.7
361,Product_361,317,2022-05-11,1460.93
362,Product_362,354,2018-12-15,1248.14
363,Product_363,93,2019-03-07,4588.12
364,Product_364,422,2020-03-28,479.26
365,Product_365,210,2017-06-18,1601.28
366,Product_366,302,2016-05-19,4455.18
367,Product_367,414,2019-06-22,135.5
368,Product_368,156,2023-03-22,724.53
369,Product_369,250,2015-01-27,1024.89
370,Product_370,433,2016-08-09,1034.22
371,Product_371,417,2015-08-04,3984.48
372,Product_372,355,2017-06-25,2933.45
373,Product_373,373,2018-12-12,879.26
374,Product_374,80,2023-06-21,4976.55
375,Product_375,233,2019-03-13,2027.87
376,Product_376,495,2017-01-25,4429.78
377,Product_377,420,2021-01-22,2848.01
378,Product_378,321,2016-08-08,889.35
379,Product_379,355,2020-12-22,3439.86
380,Product_380,132,2015-05-04,4370.83
381,Product_381,248,2018-06-19,2331.83
382,Product_382,320,2023-10-10,2772.76
383,Product_383,369,2016-09-12,3847.68
384,Product_384,393,2017-12-02,320.96
385,Product_385,398,2015-09-24,1880.39
386,Product_386,245,2015-11-26,681.51
387,Product_387,36,2015-04-03,4989.37
388,Product_388,169,2017-09-28,1429.26
389,Product_389,339,2018-04-15,762.48
390,Product_390,162,2018-07-20,2387.6
391,Product_391,407,2024-04-15,970.87
392,Product_392,48,2015-01-08,1325.26
393,Product_393,41,2021-04-06,3803.32
394,Product_394,479,2023-11-22,3598.2
395,Product_395,193,2017-07-06,1863.49
396,Product_396,215,2024-12-14,618.76
397,Product_397,370,2024-01-24,2045.41
398,Product_398,101,2022-08-01,2432.57
399,Product_399,297,2024-07-29,4394.35
400,Product_400,128,2024-07-03,1747.52
401,Product_401,334,2021-10-22,707.61
402,Product_402,446,2024-09-29,3672.57
403,Product_403,421,2018-02-28,442.25
404,Product_404,95,2021-07-15,2703.2
405,Product_405,439,2023-09-09,2806.96
406,Product_406,242,2015-04-05,2351.4
407,Product_407,141,2022-09-29,1058.79
408,Product_408,473,2022-03-15,2076.12
409,Product_409,218,2019-06-02,2092.32
410,Product_410,180,2024-06-28,2379.4
411,Product_411,139,2017-03-03,4523.48
412,Product_412,280,2015-04-23,1280.05
413,Product_413,151,2017-09-30,4332.19
414,Product_414,338,2018-01-09,4534.37
415,Product_415,166,2018-08-04,4114.12
416,Product_416,18,2023-11-12,3758.64
417,Product_417,328,2016-09-17,364.91
418,Product_418,18,2020-08-25,4334.05
419,Product_419,375,2021-08-10,1130.98
420,Product_420,297,2016-11-26,3722.14
421,Product_421,265,2024-12-02,76.89
422,Product_422,60,2019-10-28,1769.35
423,Product_423,439,2024-02-20,2069.94
424,Product_424,494,2022-09-28,3471.98
425,Product_425,86,2019-10-29,2683.45
426,Product_426,481,2022-05-04,4475.07
427,Product_427,188,2015-08-06,1617.08
428,Product_428,484,2016-06-20,3667.32
429,Product_429,204,2018-10-08,2142.84
430,Product_430,83,2020-01-01,3977.8
431,Product_431,341,2017-05-20,3661.5
432,Product_432,361,2020-03-08,3380.45
433,Product_433,298,2020-11-21,79.04
434,Product_434,74,2021-01-19,4089.56
435,Product_435,388,2016-01-30,4067.27
436,Product_436,284,2021-09-01,3654.12
437,Product_437,91,2018-11-10,1069.39
438,Product_438,78,2020-04-24,689.19
439,Product_439,280,2023-03-25,3903.84
440,Product_440,248,2015-04-17,2689.46
441,Product_441,465,2024-02-09,1320.08
442,Product_442,445,2022-11-12,730.45
443,Product_443,144,2022-12-14,1484.91
444,Product_444,59,2020-12-26,1038.75
445,Product_445,29,2024-08-11,3246.95
446,Product_446,390,2017-11-05,618.13
447,Product_447,257,2024-01-28,4417.29
448,Product_448,383,2021-07-11,2230.96
449,Product_449,301,2015-07-14,1807.69
450,Product_450,484,2017-08-30,1426.1
451,Product_451,258,2023-09-09,1508.73
452,Product_452,375,2015-06-23,3718.15
453,Product_453,134,2015-01-28,779.93
454,Product_454,131,2015-07-30,4591.75
455,Product_455,11,2017-06-27,2012.57
456,Product_456,353,2023-10-15,828.54
457,Product_457,398,2024-04-20,4372.76
458,Product_458,159,2016-12-25,3695.86
459,Product_459,8,2020-12-27,3099.4
460,Product_460,277,2015-06-07,4945.02
461,Product_461,4,2019-12-05,4726.41
462,Product_462,193,2015-01-02,4655.66
463,Product_463,235,2016-10-08,4556.37
464,Product_464,255,2023-06-16,3398.21
465,Product_465,17,2024-07-23,154.75
466,Product_466,296,2023-03-20,2852.23
467,Product_467,7,2023-05-12,571.83
468,Product_468,485,2021-10-19,4046.46
469,Product_469,431,2015-11-01,1313.27
470,Product_470,219,2019-08-14,2645.28
471,Product_471,377,2021-06-15,2243.61
472,Product_472,444,2021-12-16,4848.99
473,Product_473,427,2017-09-01,2759.43
474,Product_474,245,2015-10-15,719.66
475,Product_475,402,2023-02-20,2949.56
476,Product_476,107,2021-12-25,2405.0
477,Product_477,177,2021-08-03,4711.57
478,Product_478,383,2022-09-14,2751.85
479,Product_479,239,2015-05-26,4330.88
480,Product_480,260,2024-02-29,2984.0
481,Product_481,244,2023-10-20,1896.31
482,Product_482,347,2017-11-29,1783.71
483,Product_483,247,2016-01-28,4409.67
484,Product_484,151,2018-09-04,4938.13
485,Product_485,470,2020-06-08,2527.81
486,Product_486,200,2015-04-02,2941.06
487,Product_487,187,2019-10-15,1200.68
488,Product_488,45,2021-06-03,3582.57
489,Product_489,85,2023-11-03,1427.31
490,Product_490,197,2017-01-16,2496.32
491,Product_491,181,2022-02-11,1508.22
492,Product_492,402,2024-08-08,2511.84
493,Product_493,326,2015-07-27,1899.28
494,Product_494,178,2024-01-26,4707.66
495,Product_495,142,2017-11-28,3936.84
496,Product_496,61,2018-09-02,2898.27
497,Product_497,99,2018-04-21,4859.23
498,Product_498,365,2023-12-29,2614.72
499,Product_499,139,2015-10-13,1520.11
500,Product_500,167,2022-05-28,2834.24
501,Product_501,499,2015-04-01,1043.01
502,Product_502,187,2024-03-28,418.56
503,Product_503,446,2023-11-24,1071.63
504,Product_504,41,2024-11-10,1750.75
505,Product_505,497,2018-08-13,1272.1
506,Product_506,372,2024-03-05,2099.8
507,Product_507,290,2017-09-15,3828.36
508,Product_508,90,2022-02-26,3821.33
509,Product_509,429,2024-02-05,1395.07
510,Product_510,63,2024-12-23,4153.16
511,Product_511,60,2023-09-15,1239.59
512,Product_512,114,2024-12-03,3893.92
513,Product_513,293,2021-09-14,3641.14
514,Product_514,382,2017-09-01,4319.73
515,Product_515,278,2017-02-10,4605.59
516,Product_516,84,2015-12-05,2356.6
517,Product_517,381,2022-01-25,2479.51
518,Product_518,211,2024-08-18,1054.17
519,Product_519,137,2018-07-03,3034.96
520,Product_520,15,2020-09-14,1617.21
521,Product_521,34,2017-01-06,3984.75
522,Product_522,269,2021-02-14,2886.06
523,Product_523,395,2015-08-08,3349.25
524,Product_524,434,2024-03-10,2495.08
525,Product_525,86,2023-10-19,2249.71
526,Product_526,387,2020-10-15,3834.36
527,Product_527,64,2020-11-11,2961.29
528,Product_528,323,2019-05-10,4290.98
529,Product_529,97,2023-01-11,2343.22
530,Product_530,369,2024-07-14,4515.31
531,Product_531,280,2016-07-09,4724.61
532,Product_532,234,2015-08-19,1525.45
533,Product_533,29,2021-04-17,3111.97
534,Product_534,180,2018-09-06,2163.17
535,Product_535,462,2016-02-15,4931.12
536,Product_536,250,2015-12-20,2305.25
537,Product_537,359,2017-12-22,2966.98
538,Product_538,134,2015-05-30,1064.59
539,Product_539,187,2019-12-14,855.23
540,Product_540,270,2022-03-06,2851.54
541,Product_541,40,2020-08-28,1897.81
542,Product_542,144,2017-04-26,4777.92
543,Product_543,28,2015-11-12,825.97
544,Product_544,322,2019-09-05,4769.02
545,Product_545,59,2020-03-24,1318.84
546,Product_546,77,2023-08-04,1160.15
547,Product_547,106,2016-11-13,2274.98
548,Product_548,48,2021-10-29,3796.03
549,Product_549,430,2024-03-10,4535.53
550,Product_550,149,2021-02-23,1807.81
551,Product_551,131,2018-06-13,4719.87
552,Product_552,246,2020-08-02,1066.14
553,Product_553,334,2018-06-30,321.22
554,Product_554,161,2022-08-08,4052.16
555,Product_555,5,2021-12-16,2299.92
556,Product_556,70,2015-09-23,2779.09
557,Product_557,306,2019-07-15,1620.88
558,Product_558,224,2016-07-28,2014.35
559,Product_559,93,2016-09-27,3861.83
560,Product_560,162,2021-12-13,4276.22
561,Product_561,52,2020-03-30,872.0
562,Product_562,256,2022-04-13,2043.68
563,Product_563,320,2015-09-19,3199.21
564,Product_564,84,2024-02-18,1215.31
565,Product_565,219,2015-02-24,1322.42
566,Product_566,298,2023-06-04,282.36
567,Product_567,145,2017-01-13,3502.68
568,Product_568,348,2021-12-11,2103.24
569,Product_569,6,2020-06-04,658.18
570,Product_570,345,2023-06-11,1211.14
571,Product_571,57,2016-11-30,909.17
572,Product_572,60,2017-12-13,4536.11
573,Product_573,263,2022-06-14,1460.93
574,Product_574,404,2024-05-26,355.55
575,Product_575,403,2016-04-19,2085.12
576,Product_576,175,2019-04-26,4705.25
577,Product_577,168,2016-02-21,4299.93
578,Product_578,286,2019-04-16,4041.13
579,Product_579,20,2017-02-21,4930.92
580,Product_580,29,2017-09-27,1179.27
581,Product_581,20,2015-03-10,1620.4
582,Product_582,76,2024-06-23,1630.22
583,Product_583,459,2021-01-10,3356.04
584,Product_584,332,2019-06-23,4107.91
585,Product_585,370,2020-04-13,3802.91
586,Product_586,34,2021-12-24,1357.69
587,Product_587,144,2022-09-06,3518.15
588,Product_588,310,2020-10-09,3750.77
589,Product_589,419,2018-04-21,1524.27
590,Product_590,301,2023-05-04,3733.68
591,Product_591,336,2021-07-05,783.23
592,Product_592,310,2024-06-26,2220.19
593,Product_593,393,2021-05-11,813.91
594,Product_594,266,2017-01-25,3656.92
595,Product_595,7,2016-03-27,2749.39
596,Product_596,154,2020-05-14,4901.33
597,Product_597,226,2022-10-16,2538.47
598,Product_598,356,2023-01-29,4722.63
599,Product_599,206,2024-11-29,4265.31
600,Product_600,364,2023-12-20,4414.18
601,Product_601,319,2018-05-07,2334.6
602,Product_602,20,2016-09-16,1769.62
603,Product_603,22,2015-05-20,3060.04
604,Product_604,240,2015-06-18,2102.41
605,Product_605,377,2022-04-20,1745.48
606,Product_606,370,2016-06-03,2299.58
607,Product_607,143,2022-07-16,2961.92
608,Product_608,161,2021-04-25,1146.14
609,Product_609,438,2018-04-17,2603.19
610,Product_610,326,2018-09-13,3396.18
611,Product_611,153,2024-10-12,1606.53
612,Product_612,138,2022-11-27,4692.41
613,Product_613,250,2022-05-31,1743.76
614,Product_614,43,2016-11-03,934.91
615,Product_615,269,2023-12-20,937.71
616,Product_616,102,2022-04-30,2915.65
617,Product_617,342,2018-04-15,4196.47
618,Product_618,43,2020-01-02,4373.67
619,Product_619,182,2019-01-14,4457.62
620,Product_620,404,2018-07-22,2479.86
621,Product_621,151,2018-12-08,1441.3
622,Product_622,470,2015-09-02,1249.77
623,Product_623,153,2019-04-14,709.85
624,Product_624,183,2020-04-27,2567.87
625,Product_625,131,2022-09-01,739.62
626,Product_626,321,2024-05-06,3925.15
627,Product_627,226,2019-08-10,2696.01
628,Product_628,342,2019-05-27,1167.54
629,Product_629,300,2022-06-16,1310.38
630,Product_630,457,2022-04-08,4744.97
631,Product_631,142,2017-04-11,945.79
632,Product_632,103,2020-05-01,136.01
633,Product_633,85,2015-04-29,1892.97
634,Product_634,47,2016-09-06,362.37
635,Product_635,142,2019-04-21,1048.5
636,Product_636,118,2020-03-16,4998.09
637,Product_637,126,2015-01-26,3238.68
638,Product_638,434,2022-09-09,2675.65
639,Product_639,330,2020-05-21,859.42
640,Product_640,472,2017-09-05,1597.6
641,Product_641,92,2015-11-14,2213.22
642,Product_642,362,2021-08-18,1047.88
643,Product_643,48,2016-10-27,2164.71
644,Product_644,488,2018-09-17,4599.32
645,Product_645,391,2018-01-19,3265.32
646,Product_646,356,2017-03-12,1779.04
647,Product_647,288,2016-06-09,2348.34
648,Product_648,48,2016-06-12,2104.61
649,Product_649,14,2023-07-15,4119.73
650,Product_650,10,2019-10-09,171.44
651,Product_651,376,2024-10-25,3108.37
652,Product_652,386,2022-08-21,740.1
653,Product_653,257,2024-05-26,4716.28
654,Product_654,63,2023-10-26,4526.94
655,Product_655,446,2021-01-07,203.95
656,Product_656,176,2019-10-20,3129.66
657,Product_657,371,2017-05-01,1855.49
658,Product_658,182,2018-06-28,4918.45
659,Product_659,9,2018-11-22,283.1
660,Product_660,191,2020-09-17,2952.7
661,Product_661,57,2015-08-19,3037.16
662,Product_662,306,2024-06-08,1900.42
663,Product_663,310,2024-05-01,4382.1
664,Product_664,28,2020-08-25,3686.8
665,Product_665,170,2021-08-08,4218.82
666,Product_666,22,2022-05-25,1331.07
667,Product_667,421,2024-09-22,3126.36
668,Product_668,374,2020-12-18,962.17
669,Product_669,220,2016-08-06,573.92
670,Product_670,431,2022-12-13,3635.79
671,Product_671,443,2018-01-05,1869.89
672,Product_672,51,2015-05-31,4260.62
673,Product_673,325,2019-06-21,1580.14
674,Product_674,72,2023-07-16,4647.62
675,Product_675,333,2022-12-18,145.94
676,Product_676,323,2021-03-03,645.96
677,Product_677,243,2019-02-21,1458.58
678,Product_678,290,2023-08-26,934.03
679,Product_679,278,2018-08-12,2211.86
680,Product_680,129,2023-04-15,3871.46
681,Product_681,431,2024-07-30,1488.28
682,Product_682,448,2020-10-04,1373.22
683,Product_683,349,2024-11-22,1016.25
684,Product_684,14,2024-01-29,4182.5
685,Product_685,59,2023-12-05,2815.92
686,Product_686,414,2023-09-20,291.06
687,Product_687,104,2019-12-13,3885.35
688,Product_688,449,2023-07-04,2135.97
689,Product_689,410,2021-03-16,2916.09
690,Product_690,490,2024-11-18,2324.31
691,Product_691,191,2020-01-05,4187.93
692,Product_692,440,2018-06-27,1836.02
693,Product_693,448,2021-04-06,2821.53
694,Product_694,486,2017-09-22,3956.97
695,Product_695,196,2023-02-12,1034.73
696,Product_696,174,2017-04-08,3717.14
697,Product_697,270,2019-07-23,89.19
698,Product_698,404,2019-11-09,4187.86
699,Product_699,493,2018-04-25,4886.39
700,Product_700,150,2023-09-16,4636.75
701,Product_701,398,2016-10-29,4744.24
702,Product_702,290,2021-01-30,1757.16
703,Product_703,437,2017-03-24,3806.37
704,Product_704,366,2022-08-11,1627.21
705,Product_705,478,2022-07-31,1354.64
706,Product_706,384,2020-02-18,1479.84
707,Product_707,332,2016-08-04,2475.18
708,Product_708,111,2023-12-27,2943.21
709,Product_709,277,2015-09-24,3118.39
710,Product_710,191,2023-12-15,2362.58
711,Product_711,127,2017-05-08,4567.5
712,Product_712,160,2020-07-12,2774.66
713,Product_713,276,2022-07-23,1672.97
714,Product_714,91,2016-09-22,4497.41
715,Product_715,362,2017-04-04,3649.56
716,Product_716,101,2018-09-24,449.01
717,Product_717,254,2020-02-27,3128.44
718,Product_718,192,2022-12-13,1248.35
719,Product_719,487,2019-06-27,2776.57
720,Product_720,155,2021-11-03,1214.7
721,Product_721,414,2019-10-21,3357.68
722,Product_722,331,2016-02-02,266.99
723,Product_723,491,2015-08-23,3362.07
724,Product_724,485,2023-08-27,388.72
725,Product_725,211,2022-04-14,2621.69
726,Product_726,261,2023-02-16,163.26
727,Product_727,297,2016-08-01,386.94
728,Product_728,435,2022-09-13,3492.61
729,Product_729,109,2021-04-02,4277.6
730,Product_730,303,2023-06-28,2191.34
731,Product_731,340,2016-10-25,1838.34
732,Product_732,489,2015-05-12,1544.29
733,Product_733,65,2015-08-15,3667.41
734,Product_734,237,2015-04-21,236.71
735,Product_735,309,2023-06-14,4958.04
736,Product_736,126,2023-09-12,2686.67
737,Product_737,201,2022-12-07,209.55
738,Product_738,205,2023-05-03,3922.99
739,Product_739,144,2018-03-20,2059.18
740,Product_740,451,2023-04-14,4166.13
741,Product_741,272,2018-09-08,234.27
742,Product_742,352,2020-06-01,3231.57
743,Product_743,111,2018-12-20,2310.89
744,Product_744,143,2020-07-14,3501.78
745,Product_745,166,2023-06-17,1561.3
746,Product_746,203,2022-05-17,3562.08
747,Product_747,343,2018-11-21,4668.22
748,Product_748,317,2019-01-22,3879.84
749,Product_749,158,2018-12-11,3482.65
750,Product_750,55,2015-07-23,1329.46
751,Product_751,289,2015-08-02,2153.87
752,Product_752,69,2015-04-26,2354.59
753,Product_753,162,2018-02-06,1934.69
754,Product_754,123,2018-08-26,1996.67
755,Product_755,438,2024-06-10,4286.12
756,Product_756,196,2015-03-17,4805.61
757,Product_757,370,2022-06-04,767.32
758,Product_758,457,2015-03-11,1641.4
759,Product_759,22,2024-07-24,3283.46
760,Product_760,378,2019-11-14,4336.3
761,Product_761,167,2016-05-10,1416.8
762,Product_762,353,2023-09-01,1447.4
763,Product_763,6,2022-09-14,890.58
764,Product_764,137,2015-01-06,3694.23
765,Product_765,370,2017-12-28,2300.5
766,Product_766,246,2020-10-06,897.41
767,Product_767,439,2016-11-16,1647.47
768,Product_768,184,2019-01-01,2699.81
769,Product_769,269,2015-12-04,1030.22
770,Product_770,265,2024-01-13,2955.79
771,Product_771,168,2018-11-30,3762.57
772,Product_772,287,2021-06-05,1890.45
773,Product_773,481,2022-10-25,3415.03
774,Product_774,408,2017-05-12,2381.67
775,Product_775,366,2021-04-29,113.93
776,Product_776,110,2024-12-01,4788.74
777,Product_777,366,2021-01-01,4675.14
778,Product_778,278,2015-05-14,2326.34
779,Product_779,338,2020-09-17,3332.55
780,Product_780,413,2015-02-09,1556.05
781,Product_781,123,2016-11-21,244.4
782,Product_782,474,2016-07-03,740.59
783,Product_783,359,2020-04-10,1838.49
784,Product_784,298,2023-06-16,611.39
785,Product_785,241,2018-08-17,1493.33
786,Product_786,260,2020-12-15,298.08
787,Product_787,174,2020-10-05,2470.41
788,Product_788,37,2019-02-01,937.93
789,Product_789,151,2018-03-27,4839.12
790,Product_790,153,2017-02-13,435.0
791,Product_791,62,2020-11-24,3841.6
792,Product_792,234,2020-05-14,399.23
793,Product_793,474,2023-11-09,3707.99
794,Product_794,361,2017-02-03,2160.39
795,Product_795,98,2021-02-13,937.82
796,Product_796,491,2019-02-06,1404.93
797,Product_797,226,2019-06-22,3693.4
798,Product_798,335,2022-09-13,946.82
799,Product_799,299,2021-09-14,3599.8
800,Product_800,413,2018-01-13,1019.57
801,Product_801,116,2020-08-24,3585.98
802,Product_802,30,2021-07-16,4359.59
803,Product_803,385,2016-04-29,1749.69
804,Product_804,334,2015-02-10,2751.09
805,Product_805,371,2015-12-08,4701.97
806,Product_806,329,2022-07-05,772.45
807,Product_807,379,2020-12-08,2767.85
808,Product_808,194,2022-09-15,3841.64
809,Product_809,6,2017-06-22,4336.4
810,Product_810,388,2020-11-29,4123.06
811,Product_811,193,2023-06-19,2099.5
812,Product_812,40,2015-04-13,321.87
813,Product_813,296,2015-12-17,1675.79
814,Product_814,41,2017-06-26,303.43
815,Product_815,215,2015-04-13,1516.11
816,Product_816,16,2019-11-09,455.78
817,Product_817,318,2024-09-12,2346.16
818,Product_818,364,2015-08-03,3566.79
819,Product_819,158,2021-05-08,3511.98
820,Product_820,319,2016-03-06,4071.51
821,Product_821,344,2019-05-23,3169.21
822,Product_822,480,2021-02-24,658.58
823,Product_823,427,2023-01-25,4619.82
824,Product_824,196,2022-01-24,2568.48
825,Product_825,252,2015-03-20,2872.49
826,Product_826,166,2017-12-16,2882.27
827,Product_827,126,2016-08-23,2615.82
828,Product_828,388,2018-07-26,2153.66
829,Product_829,246,2016-10-23,3016.76
830,Product_830,79,2015-11-18,3504.59
831,Product_831,73,2023-11-04,2383.18
832,Product_832,38,2022-03-13,2171.73
833,Product_833,468,2024-01-04,4607.47
834,Product_834,40,2023-11-30,4880.89
835,Product_835,366,2024-12-10,4718.73
836,Product_836,13,2018-03-06,2671.3
837,Product_837,108,2016-04-21,1982.5
838,Product_838,129,2018-08-04,3870.26
839,Product_839,496,2015-02-09,4712.05
840,Product_840,427,2023-02-10,170.15
841,Product_841,175,2018-12-09,2271.63
842,Product_842,18,2019-09-18,2175.17
843,Product_843,91,2024-03-18,3374.59
844,Product_844,188,2022-09-23,269.31
845,Product_845,278,2016-09-10,2598.77
846,Product_846,62,2019-04-27,1417.71
847,Product_847,439,2020-10-03,4045.39
848,Product_848,252,2021-06-26,2225.07
849,Product_849,298,2021-10-21,304.56
850,Product_850,475,2024-12-17,4040.2
851,Product_851,73,2021-11-15,133.9
852,Product_852,310,2022-11-07,1950.53
853,Product_853,124,2019-08-04,1575.32
854,Product_854,314,2016-08-12,4592.69
855,Product_855,390,2024-02-01,3781.89
856,Product_856,314,2024-08-24,3187.02
857,Product_857,36,2022-08-15,2813.6
858,Product_858,288,2015-01-28,4922.14
859,Product_859,279,2022-01-19,1265.15
860,Product_860,443,2021-11-26,2220.62
861,Product_861,42,2018-05-15,3577.26
862,Product_862,290,2023-01-13,241.69
863,Product_863,210,2018-02-17,678.23
864,Product_864,163,2024-06-13,2460.93
865,Product_865,425,2016-05-19,708.64
866,Product_866,240,2022-09-05,2449.31
867,Product_867,53,2019-07-01,4045.59
868,Product_868,243,2024-10-28,2028.64
869,Product_869,410,2020-09-14,424.43
870,Product_870,50,2017-09-22,1603.4
871,Product_871,304,2015-07-03,4213.19
872,Product_872,232,2023-08-13,3215.47
873,Product_873,366,2024-08-25,2995.63
874,Product_874,491,2019-05-22,4739.35
875,Product_875,39,2017-05-30,4981.85
876,Product_876,302,2016-05-18,3782.04
877,Product_877,303,2016-05-21,1838.21
878,Product_878,247,2022-01-06,1711.16
879,Product_879,356,2017-10-26,1246.95
880,Product_880,213,2023-05-12,2987.6
881,Product_881,125,2019-06-22,1672.12
882,Product_882,276,2024-07-19,101.14
883,Product_883,298,2016-06-07,3239.36
884,Product_884,386,2021-07-26,184.82
885,Product_885,272,2022-10-17,4166.24
886,Product_886,84,2018-12-18,177.24
887,Product_887,376,2023-11-18,728.39
888,Product_888,425,2016-09-20,2630.04
889,Product_889,439,2018-08-30,4389.98
890,Product_890,454,2016-05-22,1382.04
891,Product_891,160,2016-03-30,710.83
892,Product_892,21,2020-06-15,602.54
893,Product_893,84,2016-12-22,1651.69
894,Product_894,383,2021-08-08,3526.99
895,Product_895,493,2022-04-09,4281.36
896,Product_896,261,2016-08-02,1927.6
897,Product_897,204,2015-04-08,2181.31
898,Product_898,184,2019-01-11,2346.32
899,Product_899,52,2015-01-03,2570.56
900,Product_900,304,2022-12-23,2791.9
901,Product_901,278,2016-04-05,1622.24
902,Product_902,297,2017-12-01,3617.47
903,Product_903,472,2020-03-06,946.07
904,Product_904,207,2019-02-02,2735.5
905,Product_905,236,2015-05-16,2359.05
906,Product_906,500,2021-02-18,4343.83
907,Product_907,302,2015-07-06,4744.98
908,Product_908,300,2016-04-08,2894.06
909,Product_909,187,2022-10-14,4505.51
910,Product_910,121,2019-01-28,381.68
911,Product_911,335,2022-05-06,2019.96
912,Product_912,209,2021-11-23,3656.87
913,Product_913,46,2022-03-04,55.17
914,Product_914,268,2017-02-03,2299.2
915,Product_915,14,2017-07-13,2348.79
916,Product_916,155,2015-01-29,1762.58
917,Product_917,334,2015-02-07,2509.2
918,Product_918,280,2018-07-28,1540.15
919,Product_919,415,2022-05-31,525.96
920,Product_920,491,2024-06-21,1773.13
921,Product_921,214,2023-05-03,230.1
922,Product_922,342,2018-10-01,3343.01
923,Product_923,197,2015-10-13,2105.48
924,Product_924,252,2016-04-30,1434.56
925,Product_925,400,2023-09-02,3955.71
926,Product_926,195,2024-06-30,3244.78
927,Product_927,487,2023-09-10,3153.17
928,Product_928,354,2020-08-19,922.0
929,Product_929,412,2015-11-14,3626.67
930,Product_930,451,2017-04-12,4565.12
931,Product_931,192,2020-05-28,3519.09
932,Product_932,414,2020-08-20,3757.11
933,Product_933,430,2020-05-16,663.82
934,Product_934,399,2019-09-18,2007.65
935,Product_935,10,2023-07-11,1526.01
936,Product_936,481,2023-11-27,1544.25
937,Product_937,151,2019-12-04,954.02
938,Product_938,312,2017-09-07,1055.34
939,Product_939,426,2024-09-20,1815.89
940,Product_940,104,2016-10-26,571.8
941,Product_941,451,2015-01-22,671.76
942,Product_942,438,2018-05-19,700.84
943,Product_943,487,2018-09-10,2647.32
944,Product_944,145,2016-11-06,2165.79
945,Product_945,281,2024-04-25,774.01
946,Product_946,288,2019-09-24,3885.23
947,Product_947,83,2015-01-25,476.07
948,Product_948,391,2018-11-27,3797.63
949,Product_949,28,2019-11-22,2206.79
950,Product_950,171,2019-10-16,1693.67
951,Product_951,162,2024-07-14,464.46
952,Product_952,255,2019-08-26,80.37
953,Product_953,165,2020-03-13,4260.98
954,Product_954,268,2024-05-03,4463.26
955,Product_955,395,2017-03-26,4299.39
956,Product_956,49,2018-05-12,3922.95
957,Product_957,418,2024-10-23,3164.75
958,Product_958,252,2015-08-24,2802.7
959,Product_959,186,2016-05-14,4653.56
960,Product_960,143,2021-12-30,3079.79
961,Product_961,353,2016-06-26,807.99
962,Product_962,86,2022-01-01,1193.39
963,Product_963,254,2020-03-05,4700.85
964,Product_964,77,2017-01-15,4164.14
965,Product_965,67,2018-02-13,1465.27
966,Product_966,187,2021-08-15,287.86
967,Product_967,472,2020-09-16,4883.5
968,Product_968,431,2023-04-21,2590.08
969,Product_969,127,2024-09-20,4083.53
970,Product_970,394,2023-12-31,1973.05
971,Product_971,155,2019-10-04,2536.23
972,Product_972,69,2022-06-20,4482.48
973,Product_973,288,2024-09-22,110.9
974,Product_974,243,2016-03-23,1979.42
975,Product_975,11,2017-09-03,3336.3
976,Product_976,485,2024-06-11,3684.9
977,Product_977,344,2024-08-26,2573.2
978,Product_978,125,2022-03-16,3067.3
979,Product_979,271,2019-07-01,3303.57
980,Product_980,67,2021-03-24,1030.06
981,Product_981,315,2020-05-13,4330.92
982,Product_982,194,2024-08-13,410.22
983,Product_983,148,2019-05-04,4134.11
984,Product_984,15,2017-05-16,171.01
985,Product_985,182,2024-03-22,3035.35
986,Product_986,159,2021-11-13,4459.7
987,Product_987,479,2022-01-09,4328.67
988,Product_988,413,2020-05-19,4267.52
989,Product_989,288,2018-11-22,2599.95
990,Product_990,440,2022-09-02,498.18
991,Product_991,109,2018-05-10,1530.65
992,Product_992,309,2017-04-05,1655.42
993,Product_993,137,2017-01-18,388.4
994,Product_994,58,2022-11-01,3688.78
995,Product_995,92,2020-02-17,3921.9
996,Product_996,85,2024-06-04,2975.8
997,Product_997,195,2022-12-04,3487.15
998,Product_998,483,2021-01-24,2733.5
999,Product_999,250,2023-09-10,2325.76
1000,Product_1000,133,2016-10-13,3737.4
1001,Product_1001,180,2021-08-20,4380.12
1002,Product_1002,73,2019-02-27,146.2
1003,Product_1003,355,2023-04-05,2352.04
1004,Product_1004,437,2021-10-21,644.1
1005,Product_1005,58,2024-05-08,2825.46
1006,Product_1006,289,2018-07-30,2421.3
1007,Product_1007,227,2018-06-17,257.59
1008,Product_1008,154,2021-12-21,822.12
1009,Product_1009,498,2023-09-02,3341.16
1010,Product_1010,467,2024-09-02,3766.83
1011,Product_1011,396,2024-02-17,1845.05
1012,Product_1012,189,2024-04-27,3035.53
1013,Product_1013,87,2018-10-13,4171.05
1014,Product_1014,363,2024-12-06,4001.98
1015,Product_1015,370,2015-11-21,837.45
1016,Product_1016,287,2018-03-20,548.02
1017,Product_1017,200,2024-10-09,2511.91
1018,Product_1018,472,2023-08-11,2195.53
1019,Product_1019,34,2023-04-02,642.9
1020,Product_1020,389,2019-04-12,1231.13
1021,Product_1021,244,2015-06-10,762.0
1022,Product_1022,386,2018-04-01,458.08
1023,Product_1023,170,2023-12-17,1555.46
1024,Product_1024,328,2019-05-14,4623.29
1025,Product_1025,281,2017-07-06,4555.16
1026,Product_1026,222,2018-05-13,4139.88
1027,Product_1027,156,2020-10-04,2763.63
1028,Product_1028,423,2022-05-09,235.74
1029,Product_1029,147,2021-07-22,3938.59
1030,Product_1030,18,2021-05-15,675.1
1031,Product_1031,231,2017-07-04,1481.18
1032,Product_1032,486,2024-11-23,2218.85
1033,Product_1033,355,2020-12-22,240.81
1034,Product_1034,372,2021-07-10,2213.03
1035,Product_1035,397,2016-10-29,2714.59
1036,Product_1036,499,2024-04-15,2609.49
1037,Product_1037,170,2023-09-22,3161.39
1038,Product_1038,359,2018-04-14,3305.56
1039,Product_1039,196,2022-07-04,2072.56
1040,Product_1040,461,2019-08-16,161.84
1041,Product_1041,188,2015-03-20,1019.59
1042,Product_1042,98,2024-03-17,3015.17
1043,Product_1043,50,2018-10-19,2435.43
1044,Product_1044,187,2021-08-25,4621.82
1045,Product_1045,29,2023-09-23,3580.52
1046,Product_1046,83,2015-11-20,2214.12
1047,Product_1047,341,2024-09-07,1030.96
1048,Product_1048,372,2021-03-03,2902.69
1049,Product_1049,488,2016-08-18,2401.5
1050,Product_1050,109,2019-11-04,2201.65
1051,Product_1051,33,2022-02-16,2706.45
1052,Product_1052,320,2017-06-01,2862.15
1053,Product_1053,65,2023-04-01,1701.38
1054,Product_1054,63,2016-08-04,4907.0
1055,Product_1055,65,2023-07-13,1680.54
1056,Product_1056,202,2015-08-11,2581.77
1057,Product_1057,483,2016-03-05,3296.83
1058,Product_1058,140,2018-07-23,1242.56
1059,Product_1059,192,2022-11-24,510.73
1060,Product_1060,442,2019-02-15,4196.22
1061,Product_1061,241,2015-08-11,418.72
1062,Product_1062,18,2022-08-03,2059.94
1063,Product_1063,369,2016-07-16,3111.15
1064,Product_1064,494,2019-10-30,2357.24
1065,Product_1065,388,2016-11-16,312.25
1066,Product_1066,79,2019-12-11,4064.32
1067,Product_1067,202,2019-11-14,4950.24
1068,Product_1068,35,2015-01-28,2521.89
1069,Product_1069,28,2021-02-06,4602.81
1070,Product_1070,431,2022-02-16,2973.69
1071,Product_1071,187,2019-10-08,292.57
1072,Product_1072,263,2021-01-26,4745.85
1073,Product_1073,244,2022-09-07,1500.23
1074,Product_1074,195,2017-06-09,1456.82
1075,Product_1075,285,2021-06-24,1688.07
1076,Product_1076,493,2017-10-17,1249.4
1077,Product_1077,97,2023-11-25,2832.64
1078,Product_1078,21,2023-07-07,4587.71
1079,Product_1079,240,2015-06-18,3480.8
1080,Product_1080,190,2023-10-18,851.15
1081,Product_1081,56,2023-05-13,3704.05
1082,Product_1082,149,2016-07-10,3938.69
1083,Product_1083,129,2016-12-23,2727.12
1084,Product_1084,111,2021-02-05,2917.33
1085,Product_1085,233,2016-01-10,478.04
1086,Product_1086,126,2019-01-25,2141.91
1087,Product_1087,199,2019-12-09,1402.48
1088,Product_1088,167,2019-07-03,3667.36
1089,Product_1089,394,2022-12-10,431.31
1090,Product_1090,67,2020-01-28,2411.43
1091,Product_1091,355,2023-01-21,1811.84
1092,Product_1092,428,2022-04-12,1944.19
1093,Product_1093,161,2021-01-26,2714.16
1094,Product_1094,478,2018-06-27,2984.67
1095,Product_1095,278,2020-11-11,3152.89
1096,Product_1096,334,2019-07-23,2576.88
1097,Product_1097,166,2016-04-18,3241.68
1098,Product_1098,329,2020-09-09,2596.76
1099,Product_1099,52,2022-07-31,4686.45
1100,Product_1100,417,2017-03-11,769.39
1101,Product_1101,212,2018-05-03,2565.38
1102,Product_1102,345,2024-03-27,1002.9
1103,Product_1103,321,2019-01-10,4197.02
1104,Product_1104,352,2018-09-09,839.55
1105,Product_1105,159,2016-08-09,3860.88
1106,Product_1106,371,2018-02-18,1425.99
1107,Product_1107,215,2021-06-15,1854.52
1108,Product_1108,2,2023-07-26,2351.11
1109,Product_1109,134,2020-01-30,2188.81
1110,Product_1110,54,2017-07-01,1341.17
1111,Product_1111,24,2023-03-16,2682.32
1112,Product_1112,86,2020-09-13,2350.7
1113,Product_1113,170,2024-12-27,641.57
1114,Product_1114,23,2019-01-24,4021.21
1115,Product_1115,434,2016-10-05,3521.58
1116,Product_1116,282,2021-07-14,487.48
1117,Product_1117,100,2015-07-26,1542.64
1118,Product_1118,398,2017-01-22,3772.49
1119,Product_1119,67,2021-02-23,4517.57
1120,Product_1120,462,2018-04-07,4758.94
1121,Product_1121,98,2016-12-05,3158.66
1122,Product_1122,206,2018-10-25,3882.74
1123,Product_1123,375,2023-04-23,229.0
1124,Product_1124,380,2018-03-26,3697.03
1125,Product_1125,481,2017-09-11,1853.41
1126,Product_1126,54,2016-12-13,4278.04
1127,Product_1127,76,2022-01-14,4434.05
1128,Product_1128,138,2023-02-04,811.71
1129,Product_1129,360,2024-12-11,732.61
1130,Product_1130,172,2020-05-08,158.61
1131,Product_1131,228,2019-07-20,4516.93
1132,Product_1132,497,2016-01-12,4360.32
1133,Product_1133,94,2023-08-01,3471.19
1134,Product_1134,18,2021-05-26,345.2
1135,Product_1135,163,2024-04-05,153.26
1136,Product_1136,44,2016-09-12,2751.24
1137,Product_1137,108,2020-06-17,806.74
1138,Product_1138,256,2020-11-14,3148.18
1139,Product_1139,179,2021-10-15,2049.36
1140,Product_1140,29,2017-01-22,1357.47
1141,Product_1141,489,2019-08-24,894.93
1142,Product_1142,76,2019-10-01,3006.54
1143,Product_1143,267,2020-09-15,3359.26
1144,Product_1144,350,2022-02-27,4768.69
1145,Product_1145,423,2024-05-20,1494.21
1146,Product_1146,228,2023-09-16,1207.87
1147,Product_1147,398,2018-01-27,1853.4
1148,Product_1148,253,2018-09-10,3603.63
1149,Product_1149,297,2017-06-13,2162.03
1150,Product_1150,378,2017-04-08,3695.35
1151,Product_1151,342,2020-01-09,2643.46
1152,Product_1152,96,2018-01-26,1628.6
1153,Product_1153,366,2022-07-30,1855.47
1154,Product_1154,67,2021-11-24,3699.73
1155,Product_1155,96,2022-02-08,3555.82
1156,Product_1156,260,2015-06-25,4710.88
1157,Product_1157,356,2015-12-31,1846.32
1158,Product_1158,471,2015-07-23,2903.42
1159,Product_1159,29,2017-03-23,4838.36
1160,Product_1160,420,2020-09-02,1493.02
1161,Product_1161,14,2024-12-29,2559.17
1162,Product_1162,484,2018-02-17,3408.71
1163,Product_1163,217,2023-10-14,1117.56
1164,Product_1164,292,2024-01-21,1867.52
1165,Product_1165,223,2022-05-05,1386.15
1166,Product_1166,448,2024-05-01,993.84
1167,Product_1167,477,2020-08-26,2970.75
1168,Product_1168,457,2020-10-29,2018.19
1169,Product_1169,339,2024-05-18,3299.47
1170,Product_1170,315,2024-11-23,343.65
1171,Product_1171,176,2023-10-09,2329.03
1172,Product_1172,177,2020-01-05,4856.68
1173,Product_1173,345,2015-12-16,1893.23
1174,Product_1174,435,2016-07-04,4085.01
1175,Product_1175,31,2017-06-25,2332.7
1176,Product_1176,305,2021-09-01,2339.77
1177,Product_1177,158,2021-06-02,4769.75
1178,Product_1178,211,2022-09-18,1467.11
1179,Product_1179,270,2020-02-28,2645.44
1180,Product_1180,227,2024-10-18,4504.18
1181,Product_1181,441,2015-05-13,3505.08
1182,Product_1182,430,2022-07-11,1833.28
1183,Product_1183,366,2016-08-01,728.64
1184,Product_1184,245,2020-09-12,457.65
1185,Product_1185,456,2024-04-16,3565.04
1186,Product_1186,106,2015-10-09,2167.09
1187,Product_1187,496,2016-11-06,2111.48
1188,Product_1188,418,2019-06-29,3688.51
1189,Product_1189,236,2016-05-19,431.44
1190,Product_1190,393,2020-11-18,1843.92
1191,Product_1191,499,2022-12-19,3935.21
1192,Product_1192,126,2016-03-01,716.37
1193,Product_1193,152,2019-06-12,4633.37
1194,Product_1194,481,2017-08-24,451.76
1195,Product_1195,385,2016-05-13,4703.11
1196,Product_1196,386,2016-02-28,4854.77
1197,Product_1197,42,2022-08-19,875.4
1198,Product_1198,320,2024-09-03,3182.35
1199,Product_1199,383,2024-06-06,4801.52
1200,Product_1200,357,2020-12-10,474.36
